0.002402067184448242,0.48,0.39,-1.9407963267948967
0.0064411163330078125,0.48,0.39,-1.9407963267948967
0.010355949401855469,0.48,0.38,-1.9407963267948967
0.013498067855834961,0.48,0.38,-1.9407963267948967
0.01730799674987793,0.48,0.38,-1.9407963267948967
0.020461082458496094,0.48,0.38,-1.9407963267948967
0.024409055709838867,0.48,0.38,-1.9407963267948967
0.027271032333374023,0.48,0.38,-1.9407963267948967
0.030303001403808594,0.48,0.38,-1.9407963267948967
0.03342008590698242,0.48,0.38,-1.9407963267948967
0.03648996353149414,0.48,0.38,-1.9407963267948967
0.040390968322753906,0.48,0.38,-1.9407963267948967
0.04342508316040039,0.48,0.38,-1.9407963267948967
0.04633808135986328,0.48,0.38,-1.9407963267948967
0.04940009117126465,0.48,0.38,-1.9407963267948967
0.052477121353149414,0.48,0.38,-1.9407963267948967
0.057415008544921875,0.48,0.38,-1.9407963267948967
0.06042003631591797,0.48,0.38,-1.9407963267948967
0.06338715553283691,0.48,0.38,-1.9407963267948967
0.0663599967956543,0.48,0.38,-1.9407963267948967
0.0693819522857666,0.48,0.38,-1.9407963267948967
0.07437396049499512,0.48,0.37,-1.9407963267948967
0.07744216918945312,0.48,0.37,-1.9407963267948967
0.08034896850585938,0.48,0.37,-1.9407963267948967
0.08342504501342773,0.48,0.38,-1.9407963267948967
0.08636307716369629,0.48,0.38,-1.9407963267948967
0.09032511711120605,0.48,0.37,-1.9407963267948967
0.0933389663696289,0.48,0.37,-1.9407963267948967
0.09639906883239746,0.48,0.37,-1.9407963267948967
0.0993800163269043,0.48,0.37,-1.9407963267948967
0.10247206687927246,0.48,0.37,-1.9407963267948967
0.1063089370727539,0.48,0.37,-1.9407963267948967
0.10939693450927734,0.48,0.37,-1.9407963267948967
0.11243295669555664,0.48,0.37,-1.9407963267948967
0.11539912223815918,0.48,0.37,-1.9407963267948967
0.11837100982666016,0.48,0.37,-1.9407963267948967
0.12235116958618164,0.48,0.37,-1.9407963267948967
0.12541794776916504,0.48,0.37,-1.9407963267948967
0.12844300270080566,0.48,0.37,-1.9407963267948967
0.13144707679748535,0.48,0.37,-1.9407963267948967
0.13434505462646484,0.48,0.37,-1.9407963267948967
0.13834905624389648,0.48,0.37,-1.9407963267948967
0.14148902893066406,0.48,0.37,-1.9407963267948967
0.14443016052246094,0.48,0.37,-1.9407963267948967
0.1474449634552002,0.48,0.37,-1.9407963267948967
0.15034699440002441,0.48,0.37,-1.9407963267948967
0.15433716773986816,0.48,0.36,-1.9407963267948967
0.15745806694030762,0.48,0.36,-1.9407963267948967
0.16047000885009766,0.48,0.36,-1.9407963267948967
0.16341900825500488,0.48,0.36,-1.9407963267948967
0.1663341522216797,0.48,0.36,-1.9407963267948967
0.16936802864074707,0.48,0.36,-1.9407963267948967
0.17243099212646484,0.48,0.36,-1.9407963267948967
0.17543816566467285,0.48,0.36,-1.9407963267948967
0.17837810516357422,0.48,0.36,-1.9407963267948967
0.18144512176513672,0.48,0.36,-1.9407963267948967
0.18446803092956543,0.48,0.36,-1.9407963267948967
0.18755602836608887,0.48,0.36,-1.9407963267948967
0.19037508964538574,0.48,0.36,-1.9407963267948967
0.19340205192565918,0.48,0.36,-1.9407963267948967
0.196458101272583,0.48,0.36,-1.9407963267948967
0.1993401050567627,0.48,0.36,-1.9407963267948967
0.20444893836975098,0.48,0.36,-1.9407963267948967
0.20735716819763184,0.48,0.36,-1.9407963267948967
0.2223351001739502,0.48,0.36,-1.9407963267948967
0.22537612915039062,0.48,0.36,-1.9407963267948967
0.22832798957824707,0.48,0.36,-1.9407963267948967
0.23130106925964355,0.48,0.36,-1.9407963267948967
0.234389066696167,0.48,0.36,-1.9407963267948967
0.23728609085083008,0.48,0.36,-1.9407963267948967
0.2403550148010254,0.48,0.36,-1.9407963267948967
0.24334406852722168,0.49,0.36,-1.9407963267948967
0.24635100364685059,0.49,0.35,-1.9407963267948967
0.24935698509216309,0.49,0.35,-1.9407963267948967
0.2524290084838867,0.48,0.35,-1.9407963267948967
0.2554590702056885,0.48,0.35,-1.9407963267948967
0.25835704803466797,0.48,0.35,-1.9407963267948967
0.2613201141357422,0.48,0.35,-1.9407963267948967
0.26433396339416504,0.48,0.35,-1.9407963267948967
0.2693600654602051,0.48,0.35,-1.9407963267948967
0.2733180522918701,0.49,0.35,-1.9407963267948967
0.2763521671295166,0.49,0.35,-1.9407963267948967
0.2793400287628174,0.48,0.35,-1.9407963267948967
0.28235697746276855,0.48,0.35,-1.9407963267948967
0.28536415100097656,0.48,0.35,-1.9407963267948967
0.2883260250091553,0.48,0.35,-1.9407963267948967
0.2913930416107178,0.48,0.35,-1.9407963267948967
0.29441213607788086,0.48,0.35,-1.9407963267948967
0.29740405082702637,0.48,0.35,-1.9407963267948967
0.302401065826416,0.48,0.35,-1.9407963267948967
0.3064091205596924,0.48,0.35,-1.9407963267948967
0.3104071617126465,0.48,0.35,-1.9407963267948967
0.314439058303833,0.49,0.35,-1.9407963267948967
0.31947994232177734,0.49,0.35,-1.9407963267948967
0.32341599464416504,0.49,0.35,-1.9407963267948967
0.32740116119384766,0.49,0.35,-1.9407963267948967
0.33153796195983887,0.49,0.35,-1.9407963267948967
0.3354029655456543,0.49,0.35,-1.9407963267948967
0.33939313888549805,0.49,0.35,-1.9407963267948967
0.3434021472930908,0.49,0.35,-1.9407963267948967
0.34746694564819336,0.49,0.35,-1.9407963267948967
0.35140514373779297,0.49,0.35,-1.9407963267948967
0.3553471565246582,0.49,0.35,-1.9407963267948967
0.35844993591308594,0.49,0.35,-1.9407963267948967
0.3624119758605957,0.49,0.35,-1.9407963267948967
0.36739516258239746,0.49,0.35,-1.9407963267948967
0.37142300605773926,0.49,0.35,-1.9407963267948967
0.3753809928894043,0.49,0.35,-1.9407963267948967
0.3794071674346924,0.49,0.35,-1.9407963267948967
0.38341808319091797,0.49,0.35,-1.9407963267948967
0.3873910903930664,0.49,0.35,-1.9407963267948967
0.3903930187225342,0.49,0.35,-1.9407963267948967
0.39443397521972656,0.49,0.35,-1.9407963267948967
0.39850401878356934,0.49,0.35,-1.9407963267948967
0.40234804153442383,0.49,0.35,-1.9407963267948967
0.4064910411834717,0.49,0.35,-1.9407963267948967
0.4104881286621094,0.49,0.35,-1.9407963267948967
0.41442203521728516,0.49,0.35,-1.9407963267948967
0.41843414306640625,0.49,0.35,-1.9407963267948967
0.4223909378051758,0.49,0.35,-1.9407963267948967
0.42548608779907227,0.49,0.35,-1.9407963267948967
0.4294569492340088,0.49,0.35,-1.9407963267948967
0.4335191249847412,0.49,0.35,-1.9407963267948967
0.43750715255737305,0.49,0.35,-1.9407963267948967
0.4414839744567871,0.49,0.35,-1.9407963267948967
0.4453921318054199,0.49,0.35,-1.9407963267948967
0.448444128036499,0.49,0.35,-1.9407963267948967
0.4523589611053467,0.49,0.35,-1.9407963267948967
0.455355167388916,0.49,0.35,-1.9407963267948967
0.4584009647369385,0.49,0.35,-1.9407963267948967
0.4614109992980957,0.49,0.35,-1.9407963267948967
0.46646595001220703,0.49,0.35,-1.9407963267948967
0.47035908699035645,0.49,0.35,-1.9407963267948967
0.4733560085296631,0.49,0.35,-1.9407963267948967
0.47634315490722656,0.49,0.35,-1.9407963267948967
0.4793281555175781,0.49,0.35,-1.9407963267948967
0.4824221134185791,0.49,0.35,-1.9407963267948967
0.48641109466552734,0.49,0.35,-1.9407963267948967
0.4904029369354248,0.49,0.35,-1.9407963267948967
0.49334716796875,0.49,0.35,-1.9407963267948967
0.4973440170288086,0.48,0.35,-1.9407963267948967
0.5014100074768066,0.49,0.35,-1.9407963267948967
0.5054111480712891,0.49,0.35,-1.9407963267948967
0.5094020366668701,0.49,0.35,-1.9407963267948967
0.5123691558837891,0.49,0.35,-1.9407963267948967
0.5164680480957031,0.49,0.35,-1.9407963267948967
0.5203840732574463,0.49,0.35,-1.9407963267948967
0.524367094039917,0.49,0.35,-1.9407963267948967
0.5273740291595459,0.49,0.35,-1.9407963267948967
0.5303490161895752,0.48,0.35,-1.9407963267948967
0.5334460735321045,0.48,0.35,-1.9407963267948967
0.5373480319976807,0.49,0.35,-1.9407963267948967
0.5414249897003174,0.49,0.35,-1.9407963267948967
0.5454020500183105,0.49,0.35,-1.9407963267948967
0.549515962600708,0.49,0.35,-1.9407963267948967
0.5534679889678955,0.49,0.35,-1.9407963267948967
0.5574469566345215,0.49,0.35,-1.9407963267948967
0.5613911151885986,0.49,0.35,-1.9407963267948967
0.565385103225708,0.49,0.35,-1.9407963267948967
0.5694029331207275,0.49,0.35,-1.9407963267948967
0.5733981132507324,0.49,0.35,-1.9407963267948967
0.5763871669769287,0.48,0.35,-1.9407963267948967
0.5793600082397461,0.48,0.35,-1.9407963267948967
0.5824310779571533,0.48,0.35,-1.9407963267948967
0.5863480567932129,0.48,0.36,-1.9407963267948967
0.589231014251709,0.48,0.36,-1.9407963267948967
0.593358039855957,0.48,0.36,-1.9407963267948967
0.5973200798034668,0.48,0.36,-1.9407963267948967
0.6023800373077393,0.48,0.36,-1.9307963267948964
0.6063859462738037,0.48,0.36,-1.9307963267948964
0.6103799343109131,0.48,0.36,-1.9407963267948967
0.6144449710845947,0.48,0.36,-1.9407963267948967
0.6203861236572266,0.48,0.36,-1.9407963267948967
0.6243889331817627,0.48,0.36,-1.9407963267948967
0.6283969879150391,0.48,0.36,-1.9307963267948964
0.6324400901794434,0.48,0.36,-1.9407963267948967
0.636397123336792,0.48,0.36,-1.9407963267948967
0.6403939723968506,0.48,0.36,-1.9407963267948967
0.6443660259246826,0.48,0.36,-1.9407963267948967
0.647346019744873,0.48,0.36,-1.9407963267948967
0.6523780822753906,0.48,0.36,-1.9307963267948964
0.6564300060272217,0.48,0.36,-1.9307963267948964
0.6603901386260986,0.48,0.36,-1.9307963267948964
0.6633999347686768,0.48,0.36,-1.9307963267948964
0.6673440933227539,0.48,0.36,-1.9307963267948964
0.6714010238647461,0.48,0.36,-1.9307963267948964
0.6754021644592285,0.48,0.37,-1.9307963267948964
0.6784119606018066,0.48,0.37,-1.9307963267948964
0.6814830303192139,0.48,0.37,-1.9307963267948964
0.6854071617126465,0.48,0.37,-1.9307963267948964
0.6894049644470215,0.48,0.37,-1.9307963267948964
0.6933290958404541,0.48,0.37,-1.9307963267948964
0.6973249912261963,0.47,0.37,-1.9307963267948964
0.7013649940490723,0.47,0.37,-1.9307963267948964
0.7053680419921875,0.47,0.37,-1.9307963267948964
0.7093729972839355,0.47,0.37,-1.9307963267948964
0.7133729457855225,0.47,0.37,-1.9307963267948964
0.717379093170166,0.47,0.37,-1.9307963267948964
0.7214391231536865,0.47,0.37,-1.9307963267948964
0.7243490219116211,0.47,0.37,-1.9307963267948964
0.7274081707000732,0.47,0.37,-1.9307963267948964
0.7304019927978516,0.47,0.37,-1.9307963267948964
0.7334091663360596,0.47,0.37,-1.9307963267948964
0.7363660335540771,0.47,0.37,-1.9307963267948964
0.739387035369873,0.47,0.37,-1.9307963267948964
0.7424211502075195,0.47,0.37,-1.9307963267948964
0.7454330921173096,0.47,0.37,-1.9307963267948964
0.7494730949401855,0.47,0.37,-1.9307963267948964
0.7533950805664062,0.47,0.37,-1.9307963267948964
0.7573649883270264,0.47,0.38,-1.9307963267948964
0.7603600025177002,0.47,0.38,-1.9307963267948964
0.7633459568023682,0.47,0.38,-1.9307963267948964
0.7663640975952148,0.47,0.38,-1.9307963267948964
0.7704010009765625,0.47,0.38,-1.9307963267948964
0.7734060287475586,0.47,0.38,-1.9307963267948964
0.7763180732727051,0.47,0.38,-1.9307963267948964
0.7793681621551514,0.47,0.38,-1.9207963267948966
0.7823700904846191,0.47,0.38,-1.9207963267948966
0.7863719463348389,0.47,0.38,-1.9207963267948966
0.7903921604156494,0.47,0.38,-1.9307963267948964
0.7943670749664307,0.47,0.38,-1.9207963267948966
0.7973661422729492,0.47,0.38,-1.9207963267948966
0.8014719486236572,0.47,0.38,-1.9207963267948966
0.805413007736206,0.47,0.38,-1.9207963267948966
0.8094191551208496,0.47,0.38,-1.9207963267948966
0.8134019374847412,0.47,0.38,-1.9207963267948966
0.8164701461791992,0.47,0.38,-1.9207963267948966
0.8213901519775391,0.47,0.38,-1.9207963267948966
0.8243420124053955,0.46,0.39,-1.9207963267948966
0.8273060321807861,0.46,0.39,-1.9207963267948966
0.8303420543670654,0.46,0.39,-1.9207963267948966
0.8334109783172607,0.46,0.39,-1.9207963267948966
0.8364019393920898,0.46,0.39,-1.9207963267948966
0.8394031524658203,0.46,0.39,-1.9207963267948966
0.8423891067504883,0.46,0.39,-1.9207963267948966
0.8453891277313232,0.46,0.39,-1.9207963267948966
0.8494291305541992,0.46,0.39,-1.9207963267948966
0.8533749580383301,0.46,0.39,-1.9207963267948966
0.8563899993896484,0.46,0.39,-1.9207963267948966
0.859389066696167,0.46,0.39,-1.9207963267948966
0.8624060153961182,0.46,0.39,-1.9207963267948966
0.8654110431671143,0.46,0.39,-1.9207963267948966
0.8703751564025879,0.46,0.39,-1.9207963267948966
0.8743751049041748,0.46,0.39,-1.9207963267948966
0.8773550987243652,0.46,0.39,-1.9107963267948966
0.8813900947570801,0.46,0.39,-1.9207963267948966
0.8853631019592285,0.46,0.39,-1.9107963267948966
0.8893921375274658,0.46,0.39,-1.9107963267948966
0.8933529853820801,0.46,0.39,-1.9107963267948966
0.8963961601257324,0.46,0.39,-1.9107963267948966
0.8995161056518555,0.46,0.39,-1.9107963267948966
0.9033660888671875,0.46,0.4,-1.9107963267948966
0.906343936920166,0.46,0.4,-1.9107963267948966
0.9093351364135742,0.46,0.4,-1.9107963267948966
0.9134299755096436,0.46,0.4,-1.9107963267948966
0.9175450801849365,0.46,0.4,-1.9107963267948966
0.9213969707489014,0.46,0.4,-1.9107963267948966
0.9253749847412109,0.46,0.4,-1.9107963267948966
0.929448127746582,0.46,0.4,-1.9107963267948966
0.9334621429443359,0.46,0.4,-1.9107963267948966
0.9374170303344727,0.46,0.4,-1.9107963267948966
0.9414050579071045,0.45,0.4,-1.9107963267948966
0.945389986038208,0.45,0.4,-1.9107963267948966
0.9494349956512451,0.45,0.4,-1.9107963267948966
0.9533741474151611,0.45,0.4,-1.9107963267948966
0.9574301242828369,0.45,0.4,-1.9007963267948966
0.9614031314849854,0.45,0.4,-1.9007963267948966
0.9654600620269775,0.45,0.4,-1.9007963267948966
0.9693911075592041,0.45,0.4,-1.9007963267948966
0.9733541011810303,0.45,0.4,-1.9007963267948966
0.9773991107940674,0.45,0.4,-1.9007963267948966
0.9814260005950928,0.45,0.4,-1.9007963267948966
0.9853670597076416,0.45,0.4,-1.9007963267948966
0.989354133605957,0.45,0.4,-1.9007963267948966
0.9934141635894775,0.45,0.4,-1.9007963267948966
0.9973430633544922,0.45,0.4,-1.9007963267948966
1.002371072769165,0.45,0.4,-1.9007963267948966
1.0063800811767578,0.45,0.4,-1.9007963267948966
1.0104141235351562,0.45,0.4,-1.9007963267948966
1.0144391059875488,0.45,0.4,-1.9007963267948966
1.0183789730072021,0.45,0.4,-1.8907963267948966
1.0223519802093506,0.45,0.4,-1.8907963267948966
1.02634596824646,0.45,0.4,-1.8907963267948966
1.030426025390625,0.45,0.4,-1.8907963267948966
1.0344390869140625,0.45,0.4,-1.8907963267948966
1.038383960723877,0.45,0.4,-1.8907963267948966
1.042367935180664,0.45,0.4,-1.8907963267948966
1.0463831424713135,0.45,0.4,-1.8907963267948966
1.0504419803619385,0.45,0.4,-1.8907963267948966
1.0543911457061768,0.45,0.4,-1.8807963267948966
1.0583851337432861,0.45,0.4,-1.8807963267948966
1.0623979568481445,0.44,0.4,-1.8807963267948966
1.0664000511169434,0.44,0.4,-1.8807963267948966
1.0703890323638916,0.44,0.4,-1.8807963267948966
1.0743930339813232,0.44,0.4,-1.8807963267948966
1.078382968902588,0.44,0.4,-1.8807963267948966
1.0823571681976318,0.44,0.4,-1.8807963267948966
1.0864529609680176,0.44,0.4,-1.8807963267948966
1.090386152267456,0.44,0.4,-1.8707963267948966
1.0942749977111816,0.44,0.4,-1.8707963267948966
1.0983660221099854,0.44,0.4,-1.8707963267948966
1.102396011352539,0.44,0.4,-1.8707963267948966
1.106330156326294,0.44,0.4,-1.8707963267948966
1.1103301048278809,0.44,0.4,-1.8707963267948966
1.11434006690979,0.44,0.4,-1.8607963267948966
1.1184179782867432,0.44,0.4,-1.8607963267948966
1.1223781108856201,0.44,0.4,-1.8607963267948966
1.1264369487762451,0.44,0.4,-1.8607963267948966
1.1304140090942383,0.44,0.4,-1.8607963267948966
1.1343779563903809,0.44,0.4,-1.8607963267948966
1.1383590698242188,0.44,0.4,-1.8607963267948966
1.1424031257629395,0.44,0.4,-1.8607963267948966
1.1464879512786865,0.44,0.4,-1.8607963267948966
1.1505820751190186,0.44,0.4,-1.8507963267948966
1.1545190811157227,0.44,0.4,-1.8507963267948966
1.1585030555725098,0.43,0.4,-1.8507963267948966
1.1624541282653809,0.43,0.4,-1.8507963267948966
1.166666030883789,0.43,0.4,-1.8507963267948966
1.1704349517822266,0.43,0.4,-1.8507963267948966
1.1744110584259033,0.43,0.4,-1.8507963267948966
1.1783561706542969,0.43,0.4,-1.8507963267948966
1.1823711395263672,0.43,0.4,-1.8407963267948966
1.1873841285705566,0.43,0.4,-1.8407963267948966
1.1913659572601318,0.43,0.4,-1.8407963267948966
1.1953611373901367,0.43,0.4,-1.8407963267948966
1.199491024017334,0.43,0.4,-1.8407963267948966
1.2043869495391846,0.43,0.4,-1.8407963267948966
1.2083909511566162,0.43,0.4,-1.8407963267948966
1.2123889923095703,0.43,0.4,-1.8407963267948966
1.216521978378296,0.43,0.4,-1.8407963267948966
1.220391035079956,0.43,0.4,-1.8307963267948966
1.224363088607788,0.42,0.4,-1.8307963267948966
1.2283730506896973,0.42,0.4,-1.8307963267948966
1.2324349880218506,0.42,0.4,-1.8307963267948966
1.2374169826507568,0.42,0.4,-1.8307963267948966
1.2414100170135498,0.42,0.4,-1.8307963267948966
1.2454280853271484,0.42,0.4,-1.8307963267948966
1.2495770454406738,0.42,0.4,-1.8307963267948966
1.2543480396270752,0.42,0.4,-1.8207963267948966
1.258350133895874,0.42,0.4,-1.8207963267948966
1.2623810768127441,0.42,0.4,-1.8207963267948966
1.2664949893951416,0.42,0.4,-1.8207963267948966
1.270374059677124,0.42,0.4,-1.8207963267948966
1.274402141571045,0.42,0.4,-1.8207963267948966
1.2784199714660645,0.42,0.4,-1.8207963267948966
1.2824110984802246,0.42,0.4,-1.8207963267948966
1.2873611450195312,0.41,0.4,-1.8207963267948966
1.291445016860962,0.41,0.4,-1.8107963267948965
1.2954599857330322,0.41,0.4,-1.8107963267948965
1.2995059490203857,0.41,0.4,-1.8107963267948965
1.3033740520477295,0.41,0.4,-1.8107963267948965
1.3074071407318115,0.41,0.4,-1.8107963267948965
1.3114089965820312,0.41,0.4,-1.8107963267948965
1.3154261112213135,0.41,0.4,-1.8107963267948965
1.3204200267791748,0.41,0.4,-1.8107963267948965
1.3243961334228516,0.41,0.4,-1.8007963267948965
1.3284180164337158,0.41,0.4,-1.8007963267948965
1.3324899673461914,0.41,0.4,-1.8007963267948965
1.336395025253296,0.41,0.4,-1.8007963267948965
1.3404409885406494,0.41,0.4,-1.8007963267948965
1.3444299697875977,0.4,0.4,-1.8007963267948965
1.3483290672302246,0.4,0.4,-1.8007963267948965
1.3534390926361084,0.4,0.4,-1.8007963267948965
1.3574440479278564,0.4,0.4,-1.8007963267948965
1.361469030380249,0.4,0.4,-1.7907963267948965
1.3653621673583984,0.4,0.4,-1.7907963267948965
1.3703980445861816,0.4,0.4,-1.7907963267948965
1.3743929862976074,0.4,0.4,-1.7907963267948965
1.3784229755401611,0.4,0.4,-1.7907963267948965
1.3826630115509033,0.4,0.4,-1.7907963267948965
1.386389970779419,0.39,0.4,-1.7807963267948965
1.3903679847717285,0.39,0.4,-1.7807963267948965
1.3943581581115723,0.39,0.4,-1.7807963267948965
1.3984241485595703,0.39,0.4,-1.7807963267948965
1.4034020900726318,0.39,0.4,-1.7807963267948965
1.4073729515075684,0.39,0.4,-1.7807963267948965
1.4113690853118896,0.39,0.4,-1.7807963267948965
1.4143829345703125,0.39,0.4,-1.7807963267948965
1.4184210300445557,0.39,0.4,-1.7807963267948965
1.4223690032958984,0.39,0.4,-1.7807963267948965
1.4263811111450195,0.38,0.4,-1.7707963267948965
1.4303860664367676,0.38,0.4,-1.7707963267948965
1.4344780445098877,0.38,0.4,-1.7707963267948965
1.4384989738464355,0.38,0.4,-1.7707963267948965
1.4423351287841797,0.38,0.4,-1.7707963267948965
1.4463510513305664,0.38,0.4,-1.7707963267948965
1.4504470825195312,0.38,0.4,-1.7707963267948965
1.4544141292572021,0.38,0.4,-1.7707963267948965
1.4584319591522217,0.38,0.4,-1.7607963267948965
1.462407112121582,0.38,0.4,-1.7607963267948965
1.4665169715881348,0.38,0.4,-1.7607963267948965
1.4704279899597168,0.37,0.4,-1.7607963267948965
1.4744031429290771,0.37,0.4,-1.7607963267948965
1.4783730506896973,0.37,0.4,-1.7607963267948965
1.4825730323791504,0.37,0.4,-1.7607963267948965
1.486415147781372,0.37,0.4,-1.7507963267948965
1.490422010421753,0.37,0.4,-1.7507963267948965
1.4943909645080566,0.37,0.4,-1.7507963267948965
1.4983911514282227,0.37,0.4,-1.7507963267948965
1.5034160614013672,0.37,0.4,-1.7507963267948965
1.5074570178985596,0.37,0.4,-1.7507963267948965
1.5113589763641357,0.36,0.4,-1.7507963267948965
1.5153720378875732,0.36,0.4,-1.7507963267948965
1.5204520225524902,0.36,0.4,-1.7407963267948965
1.5244131088256836,0.36,0.4,-1.7407963267948965
1.5284380912780762,0.36,0.4,-1.7407963267948965
1.532607078552246,0.36,0.4,-1.7407963267948965
1.5364670753479004,0.36,0.4,-1.7407963267948965
1.540513038635254,0.36,0.4,-1.7407963267948965
1.5443530082702637,0.36,0.4,-1.7407963267948965
1.5484120845794678,0.36,0.4,-1.7307963267948965
1.5533511638641357,0.35,0.4,-1.7307963267948965
1.557448148727417,0.35,0.4,-1.7307963267948965
1.56141996383667,0.35,0.4,-1.7307963267948965
1.5655710697174072,0.35,0.4,-1.7307963267948965
1.570436954498291,0.35,0.4,-1.7307963267948965
1.5743751525878906,0.35,0.4,-1.7307963267948965
1.5783741474151611,0.35,0.4,-1.7307963267948965
1.5825650691986084,0.35,0.4,-1.7207963267948965
1.5863821506500244,0.35,0.4,-1.7207963267948965
1.5903761386871338,0.35,0.4,-1.7207963267948965
1.594365119934082,0.34,0.4,-1.7207963267948965
1.5985820293426514,0.34,0.4,-1.7207963267948965
1.6024091243743896,0.34,0.4,-1.7207963267948965
1.6063971519470215,0.34,0.4,-1.7207963267948965
1.6103689670562744,0.34,0.4,-1.7207963267948965
1.6144540309906006,0.34,0.4,-1.7107963267948967
1.6193749904632568,0.34,0.4,-1.7107963267948967
1.6234691143035889,0.34,0.4,-1.7107963267948967
1.6273491382598877,0.34,0.4,-1.7107963267948967
1.6314420700073242,0.34,0.4,-1.7107963267948967
1.6364490985870361,0.34,0.4,-1.7107963267948967
1.6405041217803955,0.33,0.4,-1.7107963267948967
1.6444909572601318,0.33,0.4,-1.7007963267948965
1.64857816696167,0.33,0.4,-1.7007963267948965
1.653459072113037,0.33,0.4,-1.7007963267948965
1.6575169563293457,0.33,0.4,-1.7007963267948965
1.6614060401916504,0.33,0.4,-1.7007963267948965
1.6655020713806152,0.33,0.4,-1.7007963267948965
1.6694600582122803,0.33,0.4,-1.7007963267948965
1.6734349727630615,0.33,0.4,-1.7007963267948965
1.6774470806121826,0.33,0.4,-1.6907963267948967
1.6815359592437744,0.33,0.4,-1.6907963267948967
1.6854031085968018,0.32,0.4,-1.6907963267948967
1.6893301010131836,0.32,0.4,-1.6907963267948967
1.6934680938720703,0.32,0.4,-1.6907963267948967
1.6974420547485352,0.32,0.4,-1.6907963267948967
1.702409029006958,0.32,0.4,-1.6907963267948967
1.7064170837402344,0.32,0.4,-1.6807963267948967
1.7103829383850098,0.32,0.4,-1.6807963267948967
1.714406967163086,0.32,0.4,-1.6807963267948967
1.719444990158081,0.31,0.4,-1.6807963267948967
1.7234530448913574,0.31,0.4,-1.6807963267948967
1.7274501323699951,0.31,0.4,-1.6807963267948967
1.7314929962158203,0.31,0.4,-1.6807963267948967
1.7354710102081299,0.31,0.4,-1.6807963267948967
1.7393460273742676,0.31,0.4,-1.6707963267948966
1.7424681186676025,0.31,0.4,-1.6707963267948966
1.7464640140533447,0.31,0.4,-1.6707963267948966
1.7504351139068604,0.31,0.4,-1.6707963267948966
1.7544031143188477,0.31,0.4,-1.6707963267948966
1.758357048034668,0.31,0.4,-1.6707963267948966
1.7623610496520996,0.3,0.4,-1.6607963267948966
1.7664401531219482,0.3,0.4,-1.6607963267948966
1.7704310417175293,0.3,0.4,-1.6607963267948966
1.7744050025939941,0.3,0.4,-1.6607963267948966
1.7784171104431152,0.3,0.4,-1.6607963267948966
1.7824530601501465,0.3,0.4,-1.6607963267948966
1.7864360809326172,0.3,0.4,-1.6507963267948966
1.790410041809082,0.3,0.4,-1.6507963267948966
1.7944071292877197,0.3,0.4,-1.6507963267948966
1.7985661029815674,0.3,0.4,-1.6507963267948966
1.8024189472198486,0.3,0.4,-1.6507963267948966
1.8063981533050537,0.3,0.4,-1.6507963267948966
1.8104181289672852,0.29,0.4,-1.6407963267948966
1.8144421577453613,0.29,0.4,-1.6407963267948966
1.8193960189819336,0.29,0.4,-1.6407963267948966
1.8234219551086426,0.29,0.4,-1.6407963267948966
1.8274531364440918,0.29,0.4,-1.6407963267948966
1.831606149673462,0.29,0.4,-1.6307963267948966
1.8354411125183105,0.29,0.4,-1.6307963267948966
1.8394320011138916,0.29,0.4,-1.6307963267948966
1.8434441089630127,0.29,0.4,-1.6307963267948966
1.8473870754241943,0.29,0.4,-1.6307963267948966
1.8523890972137451,0.28,0.4,-1.6307963267948966
1.8564479351043701,0.28,0.39,-1.6307963267948966
1.8604309558868408,0.28,0.39,-1.6207963267948966
1.864501953125,0.28,0.4,-1.6207963267948966
1.8683950901031494,0.28,0.4,-1.6207963267948966
1.872431993484497,0.28,0.4,-1.6207963267948966
1.8763501644134521,0.28,0.4,-1.6207963267948966
1.8803291320800781,0.28,0.4,-1.6207963267948966
1.8854320049285889,0.28,0.39,-1.6207963267948966
1.889394998550415,0.27,0.4,-1.6207963267948966
1.8933911323547363,0.27,0.4,-1.6107963267948966
1.8973660469055176,0.27,0.4,-1.6107963267948966
1.9023950099945068,0.27,0.4,-1.6107963267948966
1.9064130783081055,0.27,0.4,-1.6107963267948966
1.9103519916534424,0.27,0.39,-1.6107963267948966
1.9146161079406738,0.27,0.4,-1.6107963267948966
1.9183721542358398,0.27,0.4,-1.6107963267948966
1.922395944595337,0.27,0.4,-1.6107963267948966
1.9264259338378906,0.26,0.4,-1.6107963267948966
1.9303700923919678,0.26,0.4,-1.6007963267948966
1.9353859424591064,0.26,0.4,-1.6007963267948966
1.9393811225891113,0.26,0.4,-1.6007963267948966
1.9434101581573486,0.26,0.4,-1.6007963267948966
1.9475209712982178,0.26,0.4,-1.6007963267948966
1.9514200687408447,0.26,0.4,-1.6007963267948966
1.955428123474121,0.26,0.4,-1.6007963267948966
1.9593279361724854,0.26,0.4,-1.6007963267948966
1.963407039642334,0.26,0.4,-1.5907963267948966
1.9684100151062012,0.26,0.4,-1.5907963267948966
1.9724211692810059,0.25,0.4,-1.5907963267948966
1.9763901233673096,0.25,0.4,-1.5907963267948966
1.9805400371551514,0.25,0.4,-1.5907963267948966
1.9853839874267578,0.25,0.4,-1.5907963267948966
1.9894249439239502,0.25,0.4,-1.5907963267948966
1.993422031402588,0.25,0.4,-1.5907963267948966
1.9974820613861084,0.25,0.4,-1.5807963267948966
2.001357078552246,0.25,0.4,-1.5807963267948966
2.005411148071289,0.25,0.4,-1.5807963267948966
2.0093770027160645,0.25,0.4,-1.5807963267948966
2.013406991958618,0.24,0.4,-1.5807963267948966
2.0187289714813232,0.24,0.4,-1.5807963267948966
2.022447109222412,0.24,0.4,-1.5807963267948966
2.0264101028442383,0.24,0.4,-1.5807963267948966
2.0305349826812744,0.24,0.4,-1.5807963267948966
2.035398006439209,0.24,0.4,-1.5707963267948966
2.0394320487976074,0.24,0.4,-1.5707963267948966
2.0434329509735107,0.24,0.4,-1.5707963267948966
2.0474720001220703,0.24,0.39,-1.5707963267948966
2.051367998123169,0.24,0.39,-1.5707963267948966
2.0554120540618896,0.24,0.39,-1.5707963267948966
2.059412956237793,0.24,0.4,-1.5707963267948966
2.0634119510650635,0.23,0.4,-1.5707963267948966
2.0683670043945312,0.23,0.4,-1.5607963267948965
2.072406053543091,0.23,0.4,-1.5607963267948965
2.076406955718994,0.23,0.4,-1.5607963267948965
2.080533027648926,0.23,0.4,-1.5607963267948965
2.0843770503997803,0.23,0.4,-1.5607963267948965
2.08840012550354,0.23,0.4,-1.5607963267948965
2.09232497215271,0.23,0.4,-1.5607963267948965
2.096349000930786,0.23,0.4,-1.5607963267948965
2.1003870964050293,0.23,0.4,-1.5607963267948965
2.1041619777679443,0.23,0.4,-1.5507963267948965
2.107330083847046,0.23,0.39,-1.5507963267948965
2.1103711128234863,0.23,0.4,-1.5507963267948965
2.1133830547332764,0.23,0.4,-1.5507963267948965
2.117248058319092,0.23,0.4,-1.5507963267948965
2.1203911304473877,0.22,0.4,-1.5507963267948965
2.123432159423828,0.22,0.4,-1.5507963267948965
2.1263699531555176,0.22,0.4,-1.5507963267948965
2.1292920112609863,0.22,0.4,-1.5507963267948965
2.133373975753784,0.22,0.4,-1.5507963267948965
2.136392116546631,0.22,0.4,-1.5507963267948965
2.139394998550415,0.22,0.4,-1.5507963267948965
2.1423580646514893,0.22,0.4,-1.5507963267948965
2.145353078842163,0.22,0.4,-1.5507963267948965
2.1482861042022705,0.22,0.4,-1.5407963267948965
2.1513121128082275,0.22,0.39,-1.5407963267948965
2.1543359756469727,0.22,0.39,-1.5407963267948965
2.1573729515075684,0.22,0.39,-1.5407963267948965
2.1603760719299316,0.22,0.4,-1.5407963267948965
2.163633108139038,0.22,0.4,-1.5407963267948965
2.1662940979003906,0.22,0.4,-1.5407963267948965
2.169401168823242,0.22,0.4,-1.5407963267948965
2.172395944595337,0.22,0.4,-1.5407963267948965
2.175395965576172,0.22,0.4,-1.5407963267948965
2.178377151489258,0.21,0.4,-1.5407963267948965
2.181363105773926,0.21,0.4,-1.5407963267948965
2.1843881607055664,0.21,0.4,-1.5307963267948965
2.1873409748077393,0.21,0.4,-1.5307963267948965
2.1903231143951416,0.21,0.4,-1.5307963267948965
2.193351984024048,0.21,0.4,-1.5307963267948965
2.1963140964508057,0.21,0.4,-1.5307963267948965
2.200377941131592,0.21,0.4,-1.5307963267948965
2.203381061553955,0.21,0.39,-1.5307963267948965
2.2063560485839844,0.21,0.39,-1.5307963267948965
2.209325075149536,0.21,0.39,-1.5307963267948965
2.2124381065368652,0.21,0.39,-1.5307963267948965
2.216339111328125,0.21,0.39,-1.5307963267948965
2.219320058822632,0.21,0.39,-1.5307963267948965
2.2223429679870605,0.21,0.39,-1.5307963267948965
2.2253799438476562,0.21,0.39,-1.5307963267948965
2.2284021377563477,0.21,0.4,-1.5207963267948965
2.232457160949707,0.21,0.4,-1.5207963267948965
2.2367031574249268,0.21,0.39,-1.5207963267948965
2.2403199672698975,0.21,0.39,-1.5207963267948965
2.244408130645752,0.21,0.39,-1.5207963267948965
2.247338056564331,0.21,0.4,-1.5207963267948965
2.2523550987243652,0.21,0.4,-1.5207963267948965
2.2553529739379883,0.21,0.4,-1.5207963267948965
2.258368968963623,0.21,0.4,-1.5207963267948965
2.2623450756073,0.21,0.4,-1.5107963267948965
2.2663891315460205,0.21,0.39,-1.5107963267948965
2.2703559398651123,0.21,0.4,-1.5107963267948965
2.274388074874878,0.21,0.39,-1.5107963267948965
2.2783989906311035,0.21,0.39,-1.5107963267948965
2.282395124435425,0.21,0.39,-1.5107963267948965
2.2863330841064453,0.21,0.39,-1.5107963267948965
2.2893171310424805,0.21,0.39,-1.5107963267948965
2.2934110164642334,0.21,0.39,-1.5107963267948965
2.2973899841308594,0.21,0.39,-1.5107963267948965
2.302349090576172,0.2,0.39,-1.5007963267948965
2.3064260482788086,0.2,0.39,-1.5007963267948965
2.3104100227355957,0.2,0.39,-1.5007963267948965
2.320389986038208,0.2,0.39,-1.5007963267948965
2.3253841400146484,0.2,0.39,-1.4907963267948965
2.3284060955047607,0.2,0.39,-1.4907963267948965
2.331463098526001,0.2,0.39,-1.4907963267948965
2.3353781700134277,0.2,0.39,-1.4907963267948965
2.3383569717407227,0.2,0.39,-1.4907963267948965
2.341365098953247,0.2,0.39,-1.4907963267948965
2.3453750610351562,0.2,0.39,-1.4907963267948965
2.3494739532470703,0.2,0.39,-1.4807963267948965
2.353415012359619,0.2,0.39,-1.4807963267948965
2.357414960861206,0.2,0.39,-1.4807963267948965
2.36141300201416,0.2,0.39,-1.4807963267948965
2.3653340339660645,0.2,0.39,-1.4807963267948965
2.3682961463928223,0.2,0.39,-1.4807963267948965
2.371317148208618,0.2,0.39,-1.4807963267948965
2.3743460178375244,0.2,0.39,-1.4807963267948965
2.3773579597473145,0.2,0.39,-1.4807963267948965
2.380319118499756,0.2,0.39,-1.4707963267948965
2.384351968765259,0.2,0.39,-1.4707963267948965
2.387356996536255,0.2,0.39,-1.4707963267948965
2.390334129333496,0.2,0.39,-1.4707963267948965
2.3933329582214355,0.2,0.39,-1.4707963267948965
2.396299123764038,0.2,0.39,-1.4707963267948965
2.3993570804595947,0.2,0.39,-1.4707963267948965
2.403285026550293,0.2,0.39,-1.4607963267948965
2.406386137008667,0.2,0.39,-1.4607963267948965
2.410344123840332,0.2,0.39,-1.4607963267948965
2.4134039878845215,0.2,0.39,-1.4607963267948965
2.418415069580078,0.2,0.39,-1.4607963267948965
2.422395944595337,0.2,0.39,-1.4607963267948965
2.426422119140625,0.2,0.39,-1.4607963267948965
2.4304959774017334,0.2,0.39,-1.4507963267948965
2.4343180656433105,0.2,0.39,-1.4507963267948965
2.437350034713745,0.2,0.39,-1.4507963267948965
2.4413609504699707,0.2,0.39,-1.4507963267948965
2.445369005203247,0.2,0.39,-1.4507963267948965
2.449355125427246,0.2,0.39,-1.4507963267948965
2.453360080718994,0.2,0.39,-1.4507963267948965
2.4573769569396973,0.2,0.39,-1.4407963267948967
2.4613630771636963,0.2,0.39,-1.4407963267948967
2.465358018875122,0.2,0.39,-1.4407963267948967
2.469373941421509,0.2,0.39,-1.4407963267948967
2.4733500480651855,0.2,0.39,-1.4407963267948967
2.477372169494629,0.2,0.39,-1.4407963267948967
2.4814090728759766,0.2,0.39,-1.4307963267948964
2.485358953475952,0.2,0.39,-1.4307963267948964
2.489457130432129,0.2,0.39,-1.4307963267948964
2.493373155593872,0.19,0.39,-1.4307963267948964
2.4974191188812256,0.19,0.39,-1.4307963267948964
2.5013670921325684,0.19,0.39,-1.4307963267948964
2.505336046218872,0.19,0.39,-1.4307963267948964
2.509371042251587,0.19,0.39,-1.4207963267948966
2.5134880542755127,0.19,0.39,-1.4207963267948966
2.5173990726470947,0.19,0.39,-1.4207963267948966
2.5214030742645264,0.19,0.39,-1.4207963267948966
2.5254199504852295,0.19,0.39,-1.4207963267948966
2.5296130180358887,0.19,0.39,-1.4107963267948966
2.5334091186523438,0.19,0.39,-1.4107963267948966
2.5374231338500977,0.19,0.39,-1.4107963267948966
2.54129695892334,0.19,0.39,-1.4107963267948966
2.5444040298461914,0.19,0.39,-1.4107963267948966
2.548367977142334,0.19,0.39,-1.4107963267948966
2.5524239540100098,0.19,0.39,-1.4107963267948966
2.5563149452209473,0.19,0.39,-1.4007963267948966
2.5593631267547607,0.19,0.39,-1.4007963267948966
2.5634660720825195,0.19,0.39,-1.4007963267948966
2.567383050918579,0.19,0.39,-1.4007963267948966
2.5714290142059326,0.19,0.39,-1.4007963267948966
2.575390100479126,0.19,0.39,-1.3907963267948966
2.5795371532440186,0.19,0.39,-1.3907963267948966
2.5833771228790283,0.19,0.39,-1.3907963267948966
2.5874080657958984,0.19,0.38,-1.3907963267948966
2.5914061069488525,0.19,0.39,-1.3907963267948966
2.595379114151001,0.19,0.39,-1.3907963267948966
2.6003811359405518,0.19,0.39,-1.3807963267948966
2.6043851375579834,0.19,0.38,-1.3807963267948966
2.6082191467285156,0.19,0.39,-1.3807963267948966
2.6125030517578125,0.19,0.39,-1.3807963267948966
2.6163721084594727,0.19,0.39,-1.3807963267948966
2.6203300952911377,0.19,0.38,-1.3807963267948966
2.6243419647216797,0.19,0.39,-1.3707963267948966
2.628390073776245,0.19,0.38,-1.3707963267948966
2.6334030628204346,0.19,0.38,-1.3707963267948966
2.6374101638793945,0.19,0.38,-1.3707963267948966
2.6414411067962646,0.19,0.39,-1.3707963267948966
2.64542293548584,0.19,0.39,-1.3707963267948966
2.6503450870513916,0.19,0.39,-1.3607963267948966
2.6543591022491455,0.19,0.39,-1.3607963267948966
2.6583659648895264,0.18,0.39,-1.3607963267948966
2.662546157836914,0.19,0.38,-1.3607963267948966
2.6663880348205566,0.18,0.38,-1.3607963267948966
2.670387029647827,0.18,0.38,-1.3607963267948966
2.6743881702423096,0.18,0.38,-1.3507963267948966
2.678511142730713,0.18,0.38,-1.3507963267948966
2.6833510398864746,0.18,0.38,-1.3507963267948966
2.6863110065460205,0.18,0.38,-1.3507963267948966
2.6904051303863525,0.18,0.39,-1.3507963267948966
2.694365978240967,0.18,0.38,-1.3507963267948966
2.6984381675720215,0.18,0.38,-1.3407963267948966
2.7024190425872803,0.18,0.38,-1.3407963267948966
2.7063770294189453,0.18,0.38,-1.3407963267948966
2.710392951965332,0.18,0.38,-1.3407963267948966
2.7144131660461426,0.18,0.39,-1.3407963267948966
2.7183780670166016,0.18,0.38,-1.3407963267948966
2.7223639488220215,0.18,0.38,-1.3407963267948966
2.7264671325683594,0.18,0.38,-1.3407963267948966
2.7305209636688232,0.18,0.39,-1.3407963267948966
2.73442006111145,0.18,0.39,-1.3307963267948966
2.738337993621826,0.18,0.39,-1.3307963267948966
2.742432117462158,0.18,0.38,-1.3307963267948966
2.746500015258789,0.18,0.38,-1.3307963267948966
2.750443935394287,0.18,0.38,-1.3307963267948966
2.754404067993164,0.18,0.38,-1.3207963267948966
2.7583861351013184,0.18,0.38,-1.3207963267948966
2.7624220848083496,0.18,0.38,-1.3207963267948966
2.7663731575012207,0.18,0.38,-1.3207963267948966
2.770419120788574,0.18,0.38,-1.3207963267948966
2.774376153945923,0.18,0.38,-1.3207963267948966
2.778576135635376,0.18,0.38,-1.3207963267948966
2.782428026199341,0.18,0.38,-1.3207963267948966
2.7864179611206055,0.18,0.38,-1.3107963267948965
2.790349006652832,0.18,0.38,-1.3107963267948965
2.7945730686187744,0.18,0.38,-1.3107963267948965
2.798362970352173,0.18,0.39,-1.3107963267948965
2.802375078201294,0.18,0.38,-1.3107963267948965
2.8063690662384033,0.18,0.38,-1.3107963267948965
2.810357093811035,0.18,0.38,-1.3107963267948965
2.815354108810425,0.18,0.38,-1.3107963267948965
2.8193609714508057,0.18,0.38,-1.3007963267948965
2.8224480152130127,0.18,0.38,-1.3007963267948965
2.826353073120117,0.18,0.38,-1.3007963267948965
2.8304460048675537,0.18,0.38,-1.3007963267948965
2.834336042404175,0.18,0.38,-1.3007963267948965
2.838387966156006,0.18,0.38,-1.3007963267948965
2.8423731327056885,0.18,0.38,-1.3007963267948965
2.8464560508728027,0.18,0.38,-1.3007963267948965
2.8503799438476562,0.18,0.38,-1.2907963267948965
2.8543801307678223,0.18,0.38,-1.2907963267948965
2.8584001064300537,0.18,0.38,-1.2907963267948965
2.8624300956726074,0.18,0.38,-1.2907963267948965
2.8664000034332275,0.18,0.38,-1.2907963267948965
2.870387077331543,0.18,0.38,-1.2907963267948965
2.874392032623291,0.18,0.38,-1.2907963267948965
2.8784821033477783,0.18,0.38,-1.2907963267948965
2.8823790550231934,0.18,0.38,-1.2807963267948965
2.8864190578460693,0.18,0.38,-1.2807963267948965
2.8903610706329346,0.18,0.38,-1.2807963267948965
2.8945870399475098,0.18,0.38,-1.2807963267948965
2.898348093032837,0.18,0.38,-1.2807963267948965
2.9023540019989014,0.18,0.38,-1.2807963267948965
2.906363010406494,0.18,0.38,-1.2807963267948965
2.9104371070861816,0.18,0.38,-1.2807963267948965
2.914389133453369,0.18,0.38,-1.2707963267948965
2.91841197013855,0.18,0.38,-1.2707963267948965
2.9223861694335938,0.18,0.38,-1.2707963267948965
2.9263229370117188,0.18,0.38,-1.2707963267948965
2.9304311275482178,0.18,0.38,-1.2707963267948965
2.9343860149383545,0.18,0.38,-1.2707963267948965
2.9383950233459473,0.18,0.38,-1.2707963267948965
2.942362070083618,0.18,0.38,-1.2707963267948965
2.9464271068573,0.18,0.38,-1.2607963267948965
2.9503841400146484,0.18,0.38,-1.2607963267948965
2.9544179439544678,0.18,0.38,-1.2607963267948965
2.958376169204712,0.18,0.38,-1.2607963267948965
2.962475061416626,0.18,0.38,-1.2607963267948965
2.966402053833008,0.18,0.38,-1.2607963267948965
2.9704220294952393,0.18,0.38,-1.2607963267948965
2.974368095397949,0.18,0.38,-1.2607963267948965
2.9785571098327637,0.18,0.38,-1.2507963267948965
2.9824280738830566,0.18,0.38,-1.2507963267948965
2.9863951206207275,0.18,0.38,-1.2507963267948965
2.9903900623321533,0.18,0.38,-1.2507963267948965
2.9945030212402344,0.18,0.38,-1.2507963267948965
2.998358964920044,0.18,0.38,-1.2507963267948965
3.0023889541625977,0.18,0.38,-1.2507963267948965
3.0063581466674805,0.18,0.38,-1.2507963267948965
3.0105221271514893,0.18,0.38,-1.2507963267948965
3.0143840312957764,0.18,0.38,-1.2507963267948965
3.018496036529541,0.18,0.38,-1.2407963267948965
3.0224101543426514,0.18,0.38,-1.2407963267948965
3.0263781547546387,0.18,0.38,-1.2407963267948965
3.031358003616333,0.18,0.38,-1.2407963267948965
3.0354630947113037,0.18,0.38,-1.2407963267948965
3.0393409729003906,0.18,0.38,-1.2407963267948965
3.043426036834717,0.18,0.38,-1.2407963267948965
3.0484139919281006,0.18,0.38,-1.2307963267948965
3.052431106567383,0.18,0.38,-1.2307963267948965
3.056457996368408,0.18,0.38,-1.2307963267948965
3.060587167739868,0.18,0.38,-1.2307963267948965
3.0644049644470215,0.18,0.38,-1.2307963267948965
3.0683979988098145,0.18,0.38,-1.2307963267948965
3.072404146194458,0.18,0.38,-1.2307963267948965
3.076378107070923,0.18,0.38,-1.2207963267948965
3.0813801288604736,0.18,0.38,-1.2207963267948965
3.085381031036377,0.18,0.38,-1.2207963267948965
3.089365005493164,0.18,0.38,-1.2207963267948965
3.0934970378875732,0.18,0.38,-1.2207963267948965
3.0974440574645996,0.18,0.38,-1.2207963267948965
3.1013219356536865,0.18,0.38,-1.2107963267948967
3.1053991317749023,0.18,0.38,-1.2107963267948967
3.1093549728393555,0.18,0.38,-1.2107963267948967
3.11326003074646,0.18,0.38,-1.2107963267948967
3.1173110008239746,0.18,0.38,-1.2107963267948967
3.1214001178741455,0.18,0.38,-1.2107963267948967
3.125401020050049,0.18,0.38,-1.2007963267948965
3.1294331550598145,0.18,0.38,-1.2007963267948965
3.133362054824829,0.18,0.38,-1.2007963267948965
3.137397050857544,0.18,0.38,-1.2007963267948965
3.1414780616760254,0.18,0.37,-1.2007963267948965
3.145487070083618,0.18,0.37,-1.2007963267948965
3.1493799686431885,0.18,0.37,-1.1907963267948967
3.153378963470459,0.18,0.38,-1.1907963267948967
3.1574461460113525,0.18,0.38,-1.1907963267948967
3.161515951156616,0.18,0.38,-1.1907963267948967
3.1654560565948486,0.18,0.38,-1.1907963267948967
3.169469118118286,0.18,0.37,-1.1907963267948967
3.1734180450439453,0.18,0.38,-1.1807963267948964
3.177502155303955,0.18,0.38,-1.1807963267948964
3.1814441680908203,0.18,0.38,-1.1807963267948964
3.1854970455169678,0.18,0.37,-1.1807963267948964
3.18949294090271,0.18,0.37,-1.1807963267948964
3.193592071533203,0.18,0.37,-1.1807963267948964
3.197361946105957,0.18,0.37,-1.1807963267948964
3.2014400959014893,0.18,0.37,-1.1707963267948966
3.205336093902588,0.18,0.37,-1.1707963267948966
3.2096381187438965,0.18,0.37,-1.1707963267948966
3.214350938796997,0.18,0.37,-1.1707963267948966
3.2183589935302734,0.18,0.37,-1.1707963267948966
3.222393035888672,0.18,0.37,-1.1707963267948966
3.22656512260437,0.18,0.37,-1.1607963267948966
3.2304129600524902,0.18,0.37,-1.1607963267948966
3.234398126602173,0.17,0.37,-1.1607963267948966
3.238396167755127,0.18,0.37,-1.1607963267948966
3.2423510551452637,0.18,0.37,-1.1607963267948966
3.247323989868164,0.18,0.37,-1.1607963267948966
3.2514090538024902,0.18,0.37,-1.1607963267948966
3.2554380893707275,0.18,0.37,-1.1607963267948966
3.2593679428100586,0.18,0.37,-1.1507963267948966
3.2633860111236572,0.18,0.37,-1.1507963267948966
3.267385959625244,0.18,0.37,-1.1507963267948966
3.271404981613159,0.18,0.37,-1.1507963267948966
3.2754509449005127,0.18,0.37,-1.1507963267948966
3.280449151992798,0.18,0.37,-1.1507963267948966
3.2844271659851074,0.18,0.37,-1.1507963267948966
3.2884180545806885,0.18,0.37,-1.1407963267948966
3.2925140857696533,0.18,0.37,-1.1407963267948966
3.296416997909546,0.18,0.37,-1.1407963267948966
3.3004159927368164,0.18,0.37,-1.1407963267948966
3.3044040203094482,0.18,0.37,-1.1407963267948966
3.308385133743286,0.18,0.37,-1.1407963267948966
3.3133859634399414,0.18,0.37,-1.1407963267948966
3.317387104034424,0.18,0.37,-1.1407963267948966
3.3213860988616943,0.18,0.37,-1.1407963267948966
3.325350046157837,0.18,0.37,-1.1407963267948966
3.329301118850708,0.17,0.37,-1.1307963267948966
3.333390951156616,0.18,0.37,-1.1307963267948966
3.3373379707336426,0.18,0.37,-1.1307963267948966
3.3413360118865967,0.17,0.37,-1.1307963267948966
3.3463640213012695,0.17,0.37,-1.1307963267948966
3.3503921031951904,0.17,0.37,-1.1307963267948966
3.354357957839966,0.17,0.37,-1.1307963267948966
3.3584470748901367,0.17,0.37,-1.1307963267948966
3.3623340129852295,0.17,0.37,-1.1307963267948966
3.366366147994995,0.17,0.37,-1.1207963267948966
3.370371103286743,0.17,0.37,-1.1207963267948966
3.374366044998169,0.17,0.37,-1.1207963267948966
3.379395008087158,0.17,0.37,-1.1207963267948966
3.383397102355957,0.17,0.37,-1.1207963267948966
3.387367010116577,0.17,0.37,-1.1207963267948966
3.391451120376587,0.17,0.37,-1.1207963267948966
3.3953800201416016,0.17,0.37,-1.1207963267948966
3.3983659744262695,0.17,0.37,-1.1207963267948966
3.4023540019989014,0.17,0.37,-1.1207963267948966
3.4063589572906494,0.17,0.37,-1.1107963267948966
3.4103920459747314,0.17,0.37,-1.1107963267948966
3.414342164993286,0.17,0.37,-1.1107963267948966
3.4183640480041504,0.17,0.37,-1.1107963267948966
3.4223711490631104,0.17,0.37,-1.1107963267948966
3.4253101348876953,0.17,0.37,-1.1107963267948966
3.4303791522979736,0.17,0.37,-1.1107963267948966
3.434347152709961,0.17,0.37,-1.1107963267948966
3.438385009765625,0.17,0.37,-1.1007963267948966
3.4424610137939453,0.17,0.37,-1.1007963267948966
3.4463510513305664,0.17,0.37,-1.1007963267948966
3.4503531455993652,0.17,0.37,-1.1007963267948966
3.4543681144714355,0.17,0.37,-1.1007963267948966
3.4573731422424316,0.17,0.37,-1.1007963267948966
3.4614100456237793,0.17,0.37,-1.1007963267948966
3.4653501510620117,0.16,0.37,-1.1007963267948966
3.4693479537963867,0.16,0.37,-1.0907963267948966
3.4733870029449463,0.16,0.37,-1.0907963267948966
3.4773991107940674,0.16,0.37,-1.0907963267948966
3.4813520908355713,0.16,0.37,-1.0907963267948966
3.485399007797241,0.16,0.37,-1.0907963267948966
3.4893879890441895,0.16,0.37,-1.0907963267948966
3.49350905418396,0.16,0.37,-1.0807963267948966
3.497313976287842,0.16,0.37,-1.0807963267948966
3.5003671646118164,0.16,0.37,-1.0807963267948966
3.5033650398254395,0.16,0.37,-1.0807963267948966
3.506335973739624,0.16,0.37,-1.0807963267948966
3.5104711055755615,0.16,0.37,-1.0807963267948966
3.51438307762146,0.16,0.37,-1.0807963267948966
3.518350124359131,0.16,0.37,-1.0807963267948966
3.522326946258545,0.16,0.37,-1.0807963267948966
3.5264170169830322,0.16,0.37,-1.0707963267948966
3.530341148376465,0.16,0.37,-1.0707963267948966
3.5343880653381348,0.16,0.37,-1.0707963267948966
3.5383570194244385,0.16,0.37,-1.0707963267948966
3.542371988296509,0.16,0.37,-1.0707963267948966
3.546347141265869,0.16,0.37,-1.0707963267948966
3.5503270626068115,0.16,0.37,-1.0707963267948966
3.553318977355957,0.15,0.37,-1.0707963267948966
